[{"@type":"mappingTemplate","id":"@1","name":"Mapping_RESTV2","description":"","bundleVersion":"0","templateId":"@3","hasParameters":false,"valid":true,"fixedConnection":true,"hasParametersDeployed":false,"fixedConnectionDeployed":false,"isSchemaValidationEnabled":false,"tasks":0,"mappingPreviewFileRecordId":"@2","documentType":"MAPPING","references":[{"@type":"reference","refObjectId":"@3a11h28XQy3cWDiOQajL0u","refType":"connection"},{"@type":"reference","refObjectId":"@7mx7O1O0XiPhZ0v4TJR6K9","refType":"connection"}]}]